variable,count,mean,std,min,25%,50%,75%,max,original
dummy1,1000.0,-0.00025936078649447316,0.01009172017994982,-0.0301258169474342,-0.0067828288181149,-0.0002530038742619,0.00626629284312805,0.0298095653874193,-0.0050667845375864
dummy2,1000.0,-0.00014576085313766066,0.01044529716635276,-0.0316198041985259,-0.007378613971737075,0.0002368719630477,0.00663325305230865,0.0350690316716835,0.0100981441122643
x1,1000.0,0.028128495952731137,3.0852287411835153,-9.635594111121236,-2.012173273508367,0.02053112309242585,2.006465789840016,28.205780043304465,28.205780043304465
x2,1000.0,0.067677591570444,7.707128036843617,-24.03629950118887,-4.991725350045175,0.02355828727930095,4.872599964258055,75.05010078690093,75.05010078690093
x3,1000.0,0.03357411555156803,1.9181882371803245,-4.742210064911362,-1.269067403275065,-0.00565160458610715,1.3111460534931196,17.75270644542442,17.75270644542442
